INSERT INTO sh_tipo_catalogo (id,codigo,nombre) VALUES (1,'genero','Genero'),(2,'condicion','Condición'),(3,'poder','Poder'),(4,'tipo_veh','Tipo Vehículo');

INSERT INTO sh_catalogo (id,codigo,descripcion,nombre,tipo_catalogo_id) VALUES (1,'m','Genero masculino','Masculino',1),(2,'f','Genero femenino','Femenino',1),(3,'x','Desconocido','Desconocido',1),(4,'libre','En condición de libertad','Libertad',2),(5,'detenido','En condición de prisión','Detenido',2),(6,'descon','Condición desconocida de sujeto','Desconocido',2),(7,'HH','Son habilidades meramente humanas. Pueden ser: agilidad (Batman),(Nightwing); puntería (Flecha Verde), habilidad de salto (Hulk,Spider-Man);omnilingüismo (Starfire).','Habilidades humanas',3),(8,'AN','Son habilidades naturales de los animales como el uso de órganos o sustancias que sirven como defensa.','Armas naturales',3),(9,'ARN','Son corazas defensivas que están hechas de elementos naturales. Pueden ser: armadura de piedra (Thing) armadura de metales (Colossus Silver Surfer, Iron Man),mimetismo de superficies (Awesome Android).','Armadura Natural',3),(10,'MDEA','Son habilidades que involucran el control de determinados elementos naturales. Pueden ser: control de agua','Elementos o ambiente',3);

INSERT INTO sh_catalogo (id,codigo,descripcion,nombre,tipo_catalogo_id) VALUES (11,'HDD','Afectan a la forma en la que el poseedor se desplaza. Pueden ser: supervelocidad, vuelo, teleportación.','Desplazamiento',3),(12,'HS','Superpoderes que requieren de la emisión de sonido para su función. Pueden ser: grito sónico, ecolocación.','Habilidades sonoras',3),(13,'HF','son aquellos que afectan a la habilidades físicas de la persona. Pueden ser: superfuerza, reflejos sobrehumanos, invulnerabilidad, resistencia sobrehumana.','Habilidades físicas',3),(14,'PDMF','Son aquellos que alteran su estructura corporal para producir la activación de sus superpoderes. Pueden ser: manipulación biológica.','Manipulación física',3),(15,'CDF','Son aquellos que alteran la forma del personaje para la activación de sus poderes. Pueden ser: transformación animal.','Cambio de forma',3),(16,'PES','Son poderes que dependen de la mente o el espíritu. Pueden ser: proyección astral','Prcp. Extrasensorial',3),(17,'PPS','Son poderes físicos accionados por el poder mental, un tipo de manipulación de energía. Pueden ser: manipulación de los recuerdos','Poderes psíquicos',3),(18,'PPS','Son poderes que traen efectos fuera de la realidad, únicamente explicados en la ficción. Pueden ser: animación de objetos','Controlar realidad',3),(19,'MYH','Son aquellos poderes que derivan de encantamientos. Pueden ser: encantamientos mágicos','Magia y hechicería',3),(20,'IDP','No se refiere al poder, sino como se complementa. Puede ser: sensor o reconocimiento de poderes, negación de poderes','Interacción de poder',3);

INSERT INTO sh_catalogo (id,codigo,descripcion,nombre,tipo_catalogo_id) VALUES (21,'PV','Son poderes que dependen de la visión, siendo un tipo de visión sobrehumana. Pueden ser: visión nocturna','Poderes visuales',3),(22,'MDE','Son aquellos superpoderes que involucran la manifestación de energía. Pueden ser: Rayos de energía','Manipular energía',3),(23,'moto','Vehiculo de 2 ruedas','Motocicleta',4),(24,'auto','Vehiculo de 4 ruedas','Automovil',4),(25,'avion','Vehiculo volador','Aeronave',4);

INSERT INTO sh_pais (id,abreviatura,nombre) VALUES (1,'USA','Estados Unidos'),(2,'COL','Colombia');

INSERT INTO sh_ciudad (id,abreviatura,nombre,pais_id) VALUES (1,'NY','Nueva York',1),(2,'WH','Washington',1),(3,'BOG','Bogotá',2),(4,'MED','Medellin',2);